{"灭霸": [[0.9999974906363105, 1], [0.9985226415407181, 2], [0.999965508460778, 3], [0.9999974906363105, 4], [0.9985226415407181, 5], [0.999965508460778, 6]], "美国队长": [[0.9939986970306584, 1], [0.9999999999999989, 2], [0.9985226415407181, 3], [0.9978823098636139, 4], [0.4093852479056863, 5], [0.9999999984733126, 6], [0.9999999943728657, 7], [0.9999449168557295, 8], [0.999999988776915, 9], [1.0, 10], [0.9999999993728157, 11], [0.922450428588764, 12], [0.5268962508227059, 13], [0.8547244496511444, 14], [0.9104884418256247, 15], [0.8651796127023921, 16], [0.7655786811007979, 17], [0.9999721922044094, 18], [0.9992491970701757, 19], [0.9939986970306584, 20], [0.9999999999999989, 21], [0.9985226415407181, 22], [0.9978823098636139, 23], [0.4093852479056863, 24], [0.9999999984733126, 25], [0.9999999943728657, 26], [0.9999449168557295, 27], [0.999999988776915, 28], [1.0, 29], [0.9999999993728157, 30], [0.922450428588764, 31], [0.5268962508227059, 32], [0.8547244496511444, 33], [0.9104884418256247, 34], [0.8651796127023921, 35], [0.7655786811007979, 36], [0.9999721922044094, 37], [0.9992491970701757, 38], [0.9999999130669395, 39], [0.999834879097839, 40]], "钢铁侠": [[0.9553080080165413, 1], [0.9999999999999989, 2], [0.14650874321103635, 3], [0.9985226415407181, 4], [0.99448092681058, 5], [0.9999650266021409, 6], [0.27788356116453483, 7], [0.26469129396305424, 8], [0.9999999984733126, 9], [1.0, 10], [0.5268962508227059, 11], [0.533500267048378, 12], [0.9999469724589696, 13], [0.4427316660144899, 14], [0.9957371986370439, 15], [0.9999721922044094, 16], [0.5360497463434899, 17], [0.9994201173615467, 18], [0.9553080080165413, 19], [0.9999999999999989, 20], [0.14650874321103635, 21], [0.9985226415407181, 22], [0.99448092681058, 23], [0.9999650266021409, 24], [0.27788356116453483, 25], [0.26469129396305424, 26], [0.9999999984733126, 27], [1.0, 28], [0.5268962508227059, 29], [0.533500267048378, 30], [0.9999469724589696, 31], [0.4427316660144899, 32], [0.9957371986370439, 33], [0.9999721922044094, 34], [0.5360497463434899, 35], [0.9994201173615467, 36], [0.9999999130669395, 37], [0.7411981907742434, 38], [0.999834879097839, 39]], "浩克": [[0.9939986970306584, 1], [0.9999999999999989, 2], [0.9978823098636139, 3], [0.9999650266021409, 4], [0.9307559158495884, 5], [0.7216814119679427, 6], [0.26469129396305424, 7], [0.9999999984733126, 8], [0.9999757436585891, 9], [1.0, 10], [0.922450428588764, 11], [0.5268962508227059, 12], [0.9999469724589696, 13], [0.9994201173615467, 14], [0.9992491970701757, 15], [0.9939986970306584, 16], [0.9999999999999989, 17], [0.9978823098636139, 18], [0.9999650266021409, 19], [0.9307559158495884, 20], [0.7216814119679427, 21], [0.26469129396305424, 22], [0.9999999984733126, 23], [0.9999757436585891, 24], [1.0, 25], [0.922450428588764, 26], [0.5268962508227059, 27], [0.9999469724589696, 28], [0.9994201173615467, 29], [0.9992491970701757, 30], [0.999996471500567, 31], [0.9999999130669395, 32], [0.7411981907742434, 33], [0.999834879097839, 34]], "奇异博士": [[0.9999974906363105, 1], [0.9999974906363105, 2]], "蜘蛛侠": [[0.9999449168557295, 1], [0.9997888694195719, 2], [0.238708212804273, 3], [0.9999449168557295, 4], [0.9997888694195719, 5], [0.238708212804273, 6]], "索尔": [[0.9939986970306584, 1], [0.9999999999999989, 2], [0.9788032157064516, 3], [0.999965508460778, 4], [0.9999650266021409, 5], [0.7216814119679427, 6], [0.9999999984733126, 7], [0.9999999943728657, 8], [1.0, 9], [0.922450428588764, 10], [0.5268962508227059, 11], [0.8651796127023921, 12], [0.5451576192936964, 13], [0.9997680008700547, 14], [0.9992491970701757, 15], [0.9939986970306584, 16], [0.9999999999999989, 17], [0.9788032157064516, 18], [0.999965508460778, 19], [0.9999650266021409, 20], [0.7216814119679427, 21], [0.9999999984733126, 22], [0.9999999943728657, 23], [1.0, 24], [0.922450428588764, 25], [0.5268962508227059, 26], [0.8651796127023921, 27], [0.5451576192936964, 28], [0.9997680008700547, 29], [0.9992491970701757, 30], [0.9999999130669395, 31], [0.999834879097839, 32]], "黑寡妇": [[0.9999999999999989, 1], [0.9432588584180488, 2], [0.999965508460778, 3], [0.9978823098636139, 4], [0.9307559158495884, 5], [0.26469129396305424, 6], [0.9999999984733126, 7], [0.5147133264216734, 8], [0.9999999943728657, 9], [1.0, 10], [0.922450428588764, 11], [0.9997974618903275, 12], [0.7155293269581842, 13], [0.3942043268800761, 14], [0.8668784751104552, 15], [0.18749470228920417, 16], [0.9999999999999989, 17], [0.9432588584180488, 18], [0.999965508460778, 19], [0.9978823098636139, 20], [0.9307559158495884, 21], [0.26469129396305424, 22], [0.9999999984733126, 23], [0.5147133264216734, 24], [0.9999999943728657, 25], [1.0, 26], [0.922450428588764, 27], [0.9997974618903275, 28], [0.7155293269581842, 29], [0.3942043268800761, 30], [0.8668784751104552, 31], [0.18749470228920417, 32], [0.6430165970527818, 33], [0.9999999130669395, 34], [0.999834879097839, 35]], "鹰眼": [[0.9999999999999989, 1], [0.9999999984733126, 2], [0.9999999943728657, 3], [1.0, 4], [0.9999999999999989, 5], [0.9999999984733126, 6], [0.9999999943728657, 7], [1.0, 8], [0.9999999130669395, 9], [0.999834879097839, 10]], "惊奇队长": [], "幻视": [], "猩红女巫": [], "蚁人": [], "古一法师": [], "星云": []}