{"灭霸": [], "美国队长": [[0.9350816415161487, 1], [1.0, 2], [0.3756232940985682, 3], [0.4737672181921908, 4], [0.9759472141159041, 5], [0.9973449430196313, 6], [0.999857501677393, 7], [0.9894776257914039, 8], [0.8569274458618086, 9], [0.9990968533984033, 10], [1.0, 11], [0.995280817919778, 12], [0.6137171270564382, 13], [0.9999422026182508, 14], [0.4149648657432221, 15], [0.7933147972222835, 16], [0.5212121852946054, 17], [0.9997684124411339, 18], [0.6049762572786533, 19], [0.6825790407216087, 20], [0.9999999921055488, 21], [0.9959424380684123, 22], [0.9999925143742528, 23], [0.9999925561499555, 24], [0.9999999800978325, 25], [0.9999999999999996, 26], [0.9999998312818317, 27], [0.9958254216772161, 28], [0.8723797118755973, 29], [0.9999986063767834, 30], [0.9998221997067122, 31], [0.9864428125181042, 32], [0.9999556809471749, 33], [0.9999999995003279, 34], [0.9999418481383184, 35], [0.17864909402036566, 36], [0.9999981895302974, 37], [0.9999999957076182, 38], [0.18272374209026643, 39], [0.6909602124226564, 40], [0.7933147972222835, 41], [0.9999775679523902, 42], [0.9930216392310374, 43], [0.9962271619178387, 44], [0.999758536730507, 45], [0.4023801412032525, 46], [0.7738493898079164, 47], [0.7856733832364138, 48], [0.7438662693671402, 49], [0.9968205736420784, 50], [0.9999249296984236, 51], [0.9618121046943671, 52], [0.9480336265684893, 53], [1.0, 54], [0.9999999725103151, 55], [0.9999999997968174, 56], [0.5285984000461822, 57], [0.9935920146208829, 58], [0.44767845850986676, 59], [0.9829858972599304, 60], [0.9999999968792757, 61], [0.9999999999999978, 62], [0.8104756222705071, 63], [0.7991110550119471, 64], [0.954313553863247, 65], [0.9997249888326475, 66], [0.44767845850986676, 67], [0.9999996049295536, 68], [0.999723809403589, 69], [0.9999999999999616, 70], [0.969975598669816, 71], [0.9999905953869205, 72], [0.9999999999990576, 73], [0.9999999809975827, 74]], "钢铁侠": [[0.9962271619178387, 1], [0.4023801412032525, 2], [0.7738493898079164, 3], [0.9999998288166028, 4], [0.9999999809975827, 5], [0.9293104405480659, 6]], "浩克": [], "奇异博士": [[0.999997914279294, 1], [0.9999999840451468, 2]], "蜘蛛侠": [], "索尔": [[0.9999998312818317, 1], [0.9962271619178387, 2]], "黑寡妇": [[0.9999777610867978, 1]], "鹰眼": [], "惊奇队长": [], "幻视": [], "猩红女巫": [], "蚁人": [], "古一法师": [], "星云": []}