{"灭霸": [], "美国队长": [[0.9929322259119101, 1], [0.3253648235539749, 2]], "钢铁侠": [[0.23029845102656643, 1], [0.017244772316734158, 2], [0.6974838084174628, 3], [0.9999999600610405, 4], [0.5778908595369513, 5], [0.8447174645226599, 6], [0.999999999999988, 7], [0.6063825848579186, 8], [0.9999999953892114, 9], [0.5667396292619498, 10], [0.6680040276748941, 11], [0.9999999999569964, 12], [0.9999994619240533, 13], [0.9581184829118378, 14], [0.9600497529414302, 15], [0.9999999892190649, 16], [0.44418011048955897, 17], [0.817578522212306, 18], [0.38736480116415684, 19], [0.9037587205147599, 20], [0.8360382802033504, 21], [0.9680844815664402, 22], [0.8154091071357911, 23], [0.9991198485508185, 24], [0.9959129123833257, 25], [0.9999999774896983, 26], [0.0520682942066254, 27], [0.9929322259119101, 28], [0.9974331908343765, 29], [0.9100006026954021, 30], [0.9994028161318522, 31], [0.9999999987836754, 32], [0.9999815263028881, 33], [0.9998655907227217, 34], [0.7524750735591659, 35], [0.9999990668164267, 36], [0.8764359441146403, 37], [0.9999999230873399, 38], [0.9999941377883922, 39], [0.9861956903674044, 40], [0.9985117204331517, 41], [0.8322440445565971, 42], [0.9987854295243243, 43], [0.7600307272831404, 44], [0.8511140218761012, 45], [0.6668252589854688, 46], [0.9999077249640208, 47], [0.7080522124932763, 48], [0.9999682857005879, 49], [0.8184895414713068, 50], [0.2514196920349997, 51], [0.32931637002734215, 52], [0.6453636269480494, 53], [0.9995038088019579, 54], [0.0045574137581801955, 55], [0.9994059788368902, 56], [0.999999996449328, 57], [0.752185060873508, 58], [0.7406617453628432, 59], [0.9999999986804968, 60], [0.9999923663532891, 61], [0.9999834275988689, 62], [0.9943792088943326, 63], [0.9706301343449648, 64], [0.6853224249017756, 65], [0.9288071378969417, 66], [0.44767845850986854, 67], [0.01477627183546737, 68], [0.6845630860093352, 69], [0.8231876950785123, 70], [0.7631401079786072, 71], [0.5055541301264992, 72], [0.992797966787167, 73], [0.9999999611898693, 74], [0.6953854205863919, 75], [0.08858514736408651, 76], [0.09010604543416822, 77], [0.7333926329781433, 78], [0.993925246407455, 79], [0.9999976042494345, 80], [0.44767845850986676, 81], [0.006118085160960907, 82], [0.024941206765391466, 83], [0.021231566262126966, 84], [0.14505965779394958, 85], [0.9999999435493677, 86], [0.9999417649288516, 87], [0.9999999999968585, 88], [0.9621392773441386, 89], [0.9999699103496694, 90], [0.9990893883911807, 91], [0.30458144680881694, 92], [0.9999996172364285, 93], [0.999880907938336, 94], [0.6032603313247186, 95], [0.999706795004069, 96], [0.9999989321414292, 97], [0.9999752883719454, 98], [0.0012271583456435753, 99], [0.5565885695701872, 100], [0.9999927081387882, 101], [0.0716450182554833, 102], [0.40918264211976807, 103], [9.626143960272948e-06, 104], [0.03889181184504109, 105], [0.9999998762839959, 106], [0.9595930853608546, 107], [0.9999899386426581, 108], [0.3253648235539749, 109], [0.9999993317478137, 110], [0.035986157562697185, 111], [0.8108768969629215, 112], [0.7612440397017046, 113], [0.9995926570764977, 114], [0.009687124986843987, 115], [0.0057843137951383294, 116], [0.9996135951712949, 117], [0.9997028580966911, 118], [0.9909785609251309, 119], [0.9929314117303197, 120], [0.9996759197360966, 121], [0.9998702646872353, 122], [0.7854242986746202, 123], [0.6314627554378422, 124], [0.9677405281004146, 125], [0.3156095449219726, 126], [0.016860891301964442, 127], [0.9995517722769814, 128], [0.9999087241729812, 129], [0.19560372396976133, 130], [0.9718996772959727, 131], [0.9904604643783637, 132], [0.999951942600669, 133], [0.9999999999126983, 134], [0.9996631401019406, 135], [0.9734913798418394, 136], [0.9986269094199439, 137], [0.9999824775528339, 138], [0.7600381200895441, 139], [0.17415404738780793, 140], [0.9398840102601789, 141], [0.3165962001861895, 142], [0.9985741998895947, 143], [0.9999754151104714, 144], [0.9999998963387838, 145], [0.9987191796711457, 146], [0.9999995198609397, 147], [0.9987005704247814, 148], [0.8187321748745695, 149]], "浩克": [[0.9999999953892114, 1]], "奇异博士": [[0.37810455043662494, 1], [0.9988556752095894, 2], [0.7979265144738491, 3], [0.999706795004069, 4], [0.9323947590886446, 5], [0.23466512687160213, 6], [0.9996135951712949, 7], [0.9996631401019406, 8]], "蜘蛛侠": [[0.9999077249640208, 1], [0.5520219342972482, 2]], "索尔": [], "黑寡妇": [], "鹰眼": [], "惊奇队长": [], "幻视": [], "猩红女巫": [], "蚁人": [], "古一法师": [], "星云": []}