{"灭霸": [[0.999999999999793, 1], [0.9999981046914248, 2], [0.999995706712598, 3], [0.42953297148786274, 4], [0.33184327570121985, 5], [0.9955585130617882, 6], [0.6605498467230445, 7], [0.5181075038659967, 8], [0.9744212465736226, 9], [0.444496824788995, 10], [0.817604055894976, 11]], "美国队长": [[0.5855070152775849, 1], [1.0, 2], [0.9997945725745576, 3], [0.9999872246093412, 4], [0.7456734064641153, 5], [0.8630193043989407, 6], [0.3753760059678982, 7], [0.8231264700404386, 8], [0.7693734402635589, 9], [0.9416607448278096, 10], [0.4565608642247563, 11], [0.9886200783828365, 12], [0.9787231454955518, 13], [0.9965083126335488, 14], [0.9997222894991433, 15], [0.8709865430915876, 16], [0.9999434550486471, 17], [0.9999999971065947, 18], [0.9972986210490283, 19], [0.991830365786044, 20], [0.9989198754444791, 21], [0.22979825776219343, 22], [0.9096753804169578, 23]], "钢铁侠": [[0.9804954004202141, 1], [0.9999872246093412, 2], [0.9999833627636879, 3], [0.9559178167312797, 4], [0.7652283372205506, 5], [0.6707058900922174, 6], [0.9331279804279099, 7], [0.8463449473391239, 8], [0.8920484721243791, 9], [0.9997222894991433, 10], [0.9999999971065947, 11], [0.9972986210490283, 12], [0.991830365786044, 13], [0.9989198754444791, 14], [0.22979825776219343, 15]], "浩克": [[0.9386098744775553, 1], [0.9997222894991433, 2], [0.9998607563551983, 3]], "奇异博士": [[0.9993452138962136, 1], [0.999809872257836, 2]], "蜘蛛侠": [[1.0, 1], [1.0, 2], [0.9804954004202141, 3], [0.9999606396854783, 4], [0.9386098744775553, 5], [0.9999994077193208, 6], [0.9997222894991433, 7], [0.8584150433305427, 8], [0.3419752327797775, 9], [0.9930322299815014, 10], [0.9987192571112148, 11], [0.9999999967446749, 12]], "索尔": [[0.5855070152775849, 1], [0.9997945725745576, 2], [0.8611424499474192, 3], [0.8909572766055625, 4], [0.6605498467230445, 5], [0.8920484721243791, 6], [0.9997222894991433, 7], [0.989606452533768, 8]], "黑寡妇": [[0.7456734064641153, 1]], "鹰眼": [], "惊奇队长": [[0.9993259984325242, 1]], "幻视": [], "猩红女巫": [], "蚁人": [[0.9993452138962136, 1]], "古一法师": [], "星云": [[0.9999999999730544, 1]]}