{"灭霸": [], "美国队长": [[0.9999999840309759, 1]], "钢铁侠": [[0.9999999840309759, 1], [0.9999999994839699, 2]], "浩克": [[0.9999999994839699, 1]], "奇异博士": [], "蜘蛛侠": [], "索尔": [[0.9999972064385303, 1], [0.9999998001675776, 2], [0.9999999270756093, 3], [0.99986481550152, 4], [0.945893530751504, 5], [0.9985774510743133, 6], [0.9999992109267504, 7], [0.9997497335152626, 8], [0.9999999935283144, 9], [0.9999999999985096, 10], [0.9794154550277693, 11], [0.9999696214646906, 12], [0.9999937497382062, 13], [0.9947575907232673, 14], [0.9999999403888684, 15], [0.9725273214621936, 16], [1.0, 17], [0.9198878710296611, 18], [0.9880728600836033, 19], [1.0, 20], [0.9195860703431795, 21], [0.9834614975676653, 22], [0.9730764841295004, 23], [0.9999999994839699, 24], [0.9999999985952632, 25], [0.9999998676257995, 26], [0.3630870396257767, 27]], "黑寡妇": [], "鹰眼": [[0.9834614975676653, 1]], "惊奇队长": [], "幻视": [], "猩红女巫": [], "蚁人": [], "古一法师": [], "星云": []}