{"灭霸": [], "美国队长": [[0.4426464895035027, 1]], "钢铁侠": [[0.9916231973196954, 1], [0.14980752842144807, 2], [0.9642038298127412, 3], [0.8753366756579339, 4], [1.0, 5], [0.8868785719289712, 6], [0.9999999999900928, 7], [0.8992891571078209, 8], [0.9999999987789954, 9], [0.9999999999990632, 10], [0.4329754429002931, 11], [0.9999999999982108, 12], [0.9997923342688436, 13], [0.99999997787796, 14], [0.9999999984759285, 15], [0.9870774926639688, 16], [0.9651849849278685, 17], [0.6078900646557772, 18], [0.9999999438368772, 19], [0.6426026644439906, 20], [0.9597403810312675, 21], [0.9786456986838381, 22], [0.857316285679883, 23], [0.6127756159745679, 24], [0.6518443876102872, 25], [0.9999999999525437, 26], [0.998918507013531, 27], [0.7337514456576982, 28], [0.44767845850986676, 29], [0.9999999999996607, 30], [0.8937128397509337, 31], [0.9997835701349176, 32], [0.9999888445514805, 33], [0.6938044857943181, 34], [0.4737672181921908, 35], [1.0, 36], [0.9999077249640208, 37], [0.9893830989827588, 38], [0.14980752842144807, 39], [0.9647954142271891, 40], [0.998384669540517, 41], [0.4236493981018693, 42], [0.9999999612724257, 43], [0.7124094382836249, 44], [0.4426464895035027, 45], [0.9284961934686536, 46]], "浩克": [], "奇异博士": [], "蜘蛛侠": [[0.9870774926639688, 1], [1.0, 2], [0.9999077249640208, 3]], "索尔": [], "黑寡妇": [], "鹰眼": [], "惊奇队长": [], "幻视": [], "猩红女巫": [], "蚁人": [], "古一法师": [], "星云": []}