{"灭霸": [], "美国队长": [[0.9997720479417709, 1], [0.9360442641733329, 2]], "钢铁侠": [[0.99994704945895, 1], [0.9861956755143838, 2], [0.9989170349903227, 3], [0.9999999317484525, 4], [0.9998207809518915, 5], [0.9999999902284841, 6], [0.9181334683185247, 7], [0.8663872640818215, 8], [0.9999946958079988, 9], [0.4737672181921917, 10], [0.9987185288983554, 11], [0.9997720479417709, 12], [0.9999077249640208, 13], [0.889367124122, 14], [0.9360442641733329, 15], [0.24240797695571925, 16], [0.5172050487246481, 17], [0.9702698019163697, 18], [0.9861956755143838, 19]], "浩克": [], "奇异博士": [], "蜘蛛侠": [[0.9989170349903227, 1], [0.9999077249640208, 2]], "索尔": [], "黑寡妇": [[0.9999999999562443, 1], [0.9966343340994972, 2], [0.9999946958079988, 3], [0.741880357456982, 4], [0.9905030503991058, 5], [0.7732162640225663, 6]], "鹰眼": [], "惊奇队长": [], "幻视": [], "猩红女巫": [], "蚁人": [], "古一法师": [], "星云": []}