{"灭霸": [[0.9999995351298456, 1], [0.36080409681757897, 2], [0.9999999998039828, 3], [0.22275434158128782, 4], [0.4737672181921908, 5], [0.693733475634558, 6], [0.040972055638019644, 7], [0.9999976646056086, 8], [0.9997113939555394, 9], [0.08065512610080694, 10], [0.16306909247908474, 11], [0.5893366828296541, 12], [0.48019642322048095, 13], [0.4879045292640547, 14], [0.9999999999994731, 15], [0.5881530090624273, 16], [0.9999999207531366, 17], [0.9999995969097741, 18], [0.43237687590587737, 19], [0.998682052745773, 20], [0.9997988541140657, 21], [0.1342173412958555, 22], [1.0, 23], [0.9999965224060545, 24], [0.549251676365877, 25], [0.30397573138236744, 26], [0.9994090046910791, 27], [0.9627249065677795, 28], [0.3082352342976603, 29], [0.9999920045512254, 30], [0.9993237112932176, 31], [0.06562311802494791, 32], [0.9999999999999845, 33], [0.9999999999378055, 34], [0.9961179893992205, 35], [0.9362653341048739, 36], [0.24273691438512668, 37], [0.9897721450836625, 38], [0.8413434320299228, 39], [0.23749074724148778, 40], [0.21349213313536752, 41], [0.9999999999999951, 42], [0.9853039279432904, 43], [0.06037876668674047, 44], [0.8702319891701388, 45], [0.9852385636460087, 46], [0.9694701436925381, 47], [0.5604462046267518, 48], [0.9999999952809071, 49], [0.11793980126048575, 50], [0.9999999995938016, 51], [0.09196414474437609, 52], [0.5437092932318713, 53], [0.292332399318751, 54], [0.6405580436201772, 55], [0.9999999999999825, 56], [0.26037872017769437, 57], [0.827080404621371, 58], [0.7420110756844871, 59], [0.30472175274950253, 60], [0.16453662526145774, 61], [0.656813336743338, 62], [1.0, 63], [1.0, 64], [0.08851841724837628, 65], [0.9878824165372407, 66], [0.8664318264979015, 67], [0.9120769761855824, 68], [1.0, 69], [0.819526802621386, 70], [1.0, 71], [0.9938363578588731, 72], [0.9999277505828599, 73], [0.19536023381452294, 74], [0.9947725869152141, 75], [0.9999997445606437, 76], [0.4083846538913939, 77], [0.05444453913832381, 78], [0.9999997189939852, 79], [0.011494570858918474, 80], [0.8644594820314121, 81], [0.9997405439576816, 82], [1.0, 83], [0.3530980292964564, 84], [0.981848358190241, 85], [0.9999978604329368, 86], [0.8700676278496291, 87], [0.9824774125232899, 88], [0.007736041532902971, 89], [0.996737445186241, 90], [0.9998114874676447, 91], [0.7118027449672512, 92], [0.04186188140454494, 93]], "美国队长": [[0.9963720426294927, 1], [0.9521864571366019, 2], [0.9983020098827684, 3], [0.9999999999998643, 4], [0.4905935065746073, 5], [0.768161378370343, 6], [0.999999968762631, 7], [0.9999980051125327, 8], [0.9998943259850618, 9], [0.9998566090579525, 10], [0.9905291698510184, 11], [0.9999997087517625, 12], [0.9999969547713743, 13], [0.9993614894004712, 14], [0.9999999928728509, 15], [0.9996189945189496, 16], [0.9999608576948541, 17], [0.00034355267822472335, 18], [0.9829859718817411, 19], [0.007736041532902971, 20], [0.031546009919530604, 21]], "钢铁侠": [[0.9521864571366019, 1], [0.9999999999998643, 2], [0.999999968762631, 3], [0.06084100552360383, 4], [0.6104427133233783, 5], [0.9998566090579525, 6], [0.9894764814057645, 7], [0.9999999999702913, 8], [0.9999963356555341, 9], [0.9489753672703262, 10], [0.9999969547713743, 11], [0.9993614894004712, 12], [0.9998920561849522, 13], [0.7206805586771632, 14], [0.9989017096091745, 15], [0.9889558747654631, 16], [0.9269118675537573, 17], [0.35528957732512767, 18]], "浩克": [[0.8086937548851081, 1]], "奇异博士": [[0.9960169250149972, 1], [0.9999411312417869, 2], [0.9996707801958749, 3], [0.9905291698510184, 4], [0.9252958948828235, 5], [0.9942824270699999, 6], [0.999999999995884, 7], [0.9360436324761737, 8], [0.9997405439576816, 9], [0.9999999999999984, 10], [0.9999999999944413, 11]], "蜘蛛侠": [[0.9999818406363727, 1], [0.9999997790119646, 2], [0.9981105228924788, 3], [0.999999999859958, 4], [0.999999977058981, 5], [0.9999999998927467, 6], [0.9998943259850618, 7], [0.9999998864986526, 8], [0.9915155842063879, 9], [1.0, 10], [0.9991101124117965, 11], [0.9999999999769444, 12], [0.6894728245477393, 13], [0.9979455332579084, 14], [0.9999999305385666, 15], [0.9994090046910791, 16], [0.9999622573949665, 17], [0.9993748739886279, 18], [0.999999096064627, 19], [0.9968275222663381, 20], [0.9999999653750361, 21], [0.9999697485499768, 22], [0.9981976045287559, 23], [0.9999999999990123, 24], [0.9999999999999998, 25], [0.9999999999854219, 26], [0.9999999843091223, 27], [0.9999353714411708, 28], [0.9934236271864446, 29], [0.9983663679474505, 30], [0.9999251158833415, 31], [0.9989017096091745, 32], [0.9999994526677385, 33], [0.985278371006561, 34], [0.9999999999999714, 35], [0.9996073537075554, 36], [1.0, 37]], "索尔": [[0.6808183741137639, 1], [0.38815285456272464, 2], [0.999999999927095, 3], [0.990554436358129, 4], [0.9993748739886279, 5], [0.0007319958292759665, 6], [0.9999969547713743, 7], [0.9999697485499768, 8], [0.9995687266798902, 9], [0.999771594851078, 10], [0.9999999999834928, 11], [0.9999909523468806, 12], [0.9922908211876186, 13], [0.9999999920079404, 14], [0.9999777356947599, 15], [0.9947725869152141, 16], [0.01260964652916996, 17], [0.999999022458144, 18], [0.30822085900839047, 19], [0.7180550579536048, 20], [0.9999978604329368, 21], [0.9996073537075554, 22], [0.07891343210183055, 23], [0.9999999999944413, 24]], "黑寡妇": [[0.9963720426294927, 1]], "鹰眼": [], "惊奇队长": [[1.0, 1], [0.7681711263381052, 2]], "幻视": [[0.9999999999378055, 1]], "猩红女巫": [], "蚁人": [[0.9999997015951336, 1], [0.9999818952929714, 2]], "古一法师": [[0.9999989120192083, 1], [0.9947725869152141, 2], [0.9734254050261405, 3]], "星云": [[0.9999995351298456, 1], [0.9999999049942866, 2], [0.9999989120192083, 3], [0.20396638815226575, 4], [0.6275066171972031, 5], [0.9947558224634504, 6], [0.9851068112360413, 7], [0.9673339625882029, 8], [1.0, 9], [0.9982079124336656, 10], [0.9999999987076507, 11], [0.999999968762631, 12], [0.9999999814463664, 13], [0.9983294698924109, 14], [0.9999999999999998, 15], [0.9999316031827451, 16], [0.758246186722103, 17], [0.09191480390405704, 18], [0.9548614022447075, 19], [0.9998370960014196, 20], [0.9333589662205242, 21], [0.9594691192229202, 22], [0.9422673722841988, 23], [0.45853434361246936, 24], [0.8865423806283069, 25], [0.9998242046981503, 26], [0.9306484486319141, 27], [0.9918317479671817, 28], [0.9991212603463341, 29], [0.9999999995938016, 30], [0.92592960436758, 31], [0.9999995789545691, 32], [0.9999999999613263, 33], [0.9971043392436896, 34], [0.9999998414918143, 35], [0.9999999999999796, 36], [0.9999043625858092, 37], [0.999999996266774, 38], [0.999995864442046, 39], [0.9999999999586724, 40], [0.03676952571285608, 41], [0.953513161124903, 42], [0.6694951640820719, 43], [0.9999999999987084, 44], [0.9882738705690669, 45], [1.0, 46], [0.8753439845024753, 47], [1.0, 48], [0.9999928109010685, 49], [0.9999616311657091, 50], [0.8769190509255353, 51], [0.9999999999999543, 52], [0.998515564159134, 53], [0.9999999996633426, 54], [0.9645610962172231, 55], [0.4676664832002472, 56], [0.999990131304616, 57], [0.999999952750557, 58], [0.08516323465297337, 59], [0.9999978604329368, 60], [0.3840252446951724, 61], [0.9663815069816409, 62], [0.9999990154133755, 63]]}