{"灭霸": [[0.9999999986684578, 1]], "美国队长": [[0.7761807357370922, 1], [0.9999943875202242, 2], [0.9999999974213489, 3], [0.49951891408750815, 4], [0.9654612978734093, 5]], "钢铁侠": [[0.5013813508635405, 1], [0.9908018492845533, 2], [0.307661793240413, 3], [0.9927858609248807, 4]], "浩克": [[0.7761807357370922, 1]], "奇异博士": [[0.9999999999995128, 1]], "蜘蛛侠": [], "索尔": [[0.4239649791311594, 1], [0.9919541228132811, 2], [0.9986643642925481, 3], [0.9999999999925129, 4], [0.9997161501713602, 5], [0.4118453535933251, 6], [0.5125973159995107, 7], [0.9815277018837459, 8], [0.9999994469682397, 9], [0.9954805801975583, 10], [0.9977673903774583, 11], [0.31689794391932413, 12], [0.9945407081921963, 13], [0.9999932535288614, 14], [0.052293565981124, 15], [0.4737672181921908, 16], [0.4780479805526724, 17], [0.656946404758269, 18], [0.9549078612763636, 19], [0.9980514035374974, 20], [0.1940630029908833, 21], [0.9999985422887026, 22], [0.999999999999563, 23], [0.999999999924239, 24], [0.8808399919043077, 25], [0.7951349314989941, 26], [0.9890694060890043, 27], [0.6525298262104233, 28], [0.8437938897592069, 29], [0.9996941092174847, 30], [0.9999837575618414, 31], [0.44767845850986676, 32], [0.5528294535031772, 33], [0.9814424966239085, 34], [0.9449633936878384, 35], [0.7675662340956639, 36], [0.4149385314638957, 37], [0.7298121992948123, 38], [0.4756431363223931, 39], [0.9714272959002255, 40], [0.4645274691388086, 41], [0.9954517958798499, 42], [0.9999999986684578, 43], [0.9999922312376734, 44], [0.8003375119325474, 45], [0.7113190050545068, 46], [0.6167720361740469, 47], [0.8269476311212625, 48], [0.9152728973845846, 49], [0.9969479902325069, 50], [0.9895444718332334, 51], [0.5795450524459027, 52], [0.7867903607079764, 53], [0.9212948660927814, 54], [0.6317853705682674, 55], [0.35476504482221594, 56], [0.7761807357370922, 57], [0.9869817795391919, 58], [0.7697696329529458, 59], [0.7167051033191327, 60], [0.3874407273215744, 61], [0.9990903303540134, 62], [0.42310551037108746, 63], [0.9365332146912224, 64], [0.9999943875202242, 65], [0.9999994763789641, 66], [0.9227156420738197, 67], [0.1008592820734815, 68], [0.9999873666693068, 69], [0.9999893786042994, 70], [0.0850014470446131, 71], [0.8999860724782452, 72], [0.5227015137451689, 73], [0.1362261887396904, 74], [0.8090231805865867, 75], [0.9135963021412458, 76], [0.9764835409535101, 77], [0.9761334790896001, 78], [0.44069709335250973, 79], [0.030368849979748536, 80], [0.8698481916342876, 81], [0.9996822379860719, 82], [0.994668591583946, 83], [0.9993829033031609, 84], [0.9999998134270305, 85], [0.9996117440907403, 86], [0.9999999974213489, 87], [0.7940428818280447, 88], [0.4748530287988284, 89], [0.9998161942239958, 90], [0.9999993218724768, 91], [0.25008501538860417, 92], [0.9999462558578094, 93], [0.5154501024127508, 94], [0.9972883932478963, 95], [0.6879312377138942, 96], [0.14627739115318394, 97], [0.9852765859073506, 98], [0.9999999817248185, 99], [0.8759384816589441, 100], [0.03400676776355571, 101], [0.9927858609248807, 102], [0.6118798027086374, 103], [0.8181863972842089, 104], [0.9959513189569817, 105], [0.8087657323557121, 106], [0.9853231217655721, 107], [0.6187904076395122, 108], [0.4239649791311594, 109], [0.9919541228132811, 110], [0.9986643642925481, 111], [0.9999999999925129, 112], [0.9997161501713602, 113], [0.4118453535933251, 114], [0.5125973159995107, 115], [0.9815277018837459, 116], [0.9999994469682397, 117]], "黑寡妇": [], "鹰眼": [], "惊奇队长": [[0.9987522947613751, 1]], "幻视": [], "猩红女巫": [], "蚁人": [], "古一法师": [[0.956990711416572, 1], [0.9724221529074959, 2], [0.956990711416572, 3]], "星云": []}